Date,Map,SB Corp.,AV. Corp.,SB Score,AV Score,Total,Diff,Abs. Diff,Winner,Game #,SB_Win,SB Net Wins,SB Win Ratio,SB Total,AV Total,SB Net Score,Average Win Margin,Median Win Margin,Note,Unnamed: 20,Unnamed: 21,Unnamed: 22,Unnamed: 23,Unnamed: 24,Unnamed: 25,Unnamed: 26,Unnamed: 27,Unnamed: 28,Unnamed: 29,Cdiff,Unnamed: 31,Unnamed: 32,Unnamed: 33,Unnamed: 34,Unnamed: 35,Unnamed: 36,Unnamed: 37
2025-03-23,Hellas,Credicor,Manutech,100,108,208,-8,8,AV,1,0,-1,0.0,100,108,-8,8.0,8.0,,,,,,,,,,,,,,,,,,,
2025-03-23,Tharsis,Recyclon,Saturn,115,130,245,-15,15,AV,2,0,-2,0.0,215,238,-23,11.5,11.5,,,,Corp,SB n,SB win %,AV n,AV win %,n,Corp Win%,Wins,,,Map ,Count,SB Win,SB%,AV Win,AV%
2025-03-25,Elysium,Viron,Helion,78,82,160,-4,4,AV,3,0,-3,0.0,293,320,-27,9.0,8.0,,,,Aphrodite,23,0.8260869565217391,15,0.2,38,0.5789473684210527,22,8.0,,Tharsis,124,82,0.6612903225806451,42,0.3387096774193548
2025-03-25,Tharsis,Mining Guild,Saturn,106,128,234,-22,22,AV,4,0,-4,0.0,399,448,-49,12.25,11.5,,,,Arcadian,17,0.7647058823529411,25,0.2,42,0.42857142857142855,18,-8.0,,Elysium,128,95,0.7421875,33,0.2578125
2025-03-28,Hellas,Aphrodite,Saturn,103,135,238,-32,32,AV,5,0,-5,0.0,502,583,-81,16.2,15.0,,,,Astrodrill,18,0.8333333333333334,9,0.4444444444444444,27,0.7037037037037037,19,9.0,,Hellas,128,95,0.7421875,33,0.2578125
2025-03-28,Tharsis,Tharsis,Recyclon,82,104,186,-22,22,AV,6,0,-6,0.0,584,687,-103,17.166666666666668,18.5,,,,Celestic,26,0.7692307692307693,6,0.16666666666666666,32,0.65625,21,20.0,,Total,380,272,0.7157894736842105,108,0.28421052631578947
2025-03-29,Elysium,Viron,Inventrix,130,98,228,32,32,SB,7,1,-5,0.14285714285714285,714,785,-71,19.285714285714285,22.0,,,,Cheung,22,0.6363636363636364,17,0.29411764705882354,39,0.48717948717948717,19,5.0,,,,,,,
2025-03-29,Tharsis,Recyclon,Robinson,102,97,199,5,5,SB,8,1,-4,0.25,816,882,-66,17.5,18.5,,,,Cinematics,2,1,8,0.375,10,0.5,5,-6.0,,,,,,,
2025-03-30,Elysium,Saturn,Tharsis,101,109,210,-8,8,AV,9,0,-5,0.2222222222222222,917,991,-74,16.444444444444443,15.0,,,,Credicor,21,0.6190476190476191,16,0.4375,37,0.5405405405405406,20,5.0,,,,SB,AV,Combined,Diff
2025-03-30,Tharsis,Astrodrill,Arcadian,98,94,192,4,4,SB,10,1,-4,0.3,1015,1085,-70,15.2,11.5,,,,Ecoline,7,0.5714285714285714,31,0.3548387096774194,38,0.39473684210526316,15,-24.0,,,Max Score,253,189,413,131
2025-03-31,Hellas,Tharsis,Thorgate,125,98,223,27,27,SB,11,1,-3,0.36363636363636365,1140,1183,-43,16.272727272727273,15.0,,,,Helion,8,0.625,25,0.24,33,0.3333333333333333,11,-17.0,,,Min. Score,68,54,149,0
2025-04-01,Hellas,Arcadian,Inventrix,98,83,181,15,15,SB,12,1,-2,0.4166666666666667,1238,1266,-28,16.166666666666668,15.0,,,,Inventrix,12,0.5833333333333334,3,0,15,0.4666666666666667,7,9.0,,,Avg. Score,129.35263157894738,114.05,243.40263157894736,23.471052631578946
2025-04-01,Tharsis,Morning Star,Helion,72,90,162,-18,18,AV,13,0,-3,0.38461538461538464,1310,1356,-46,16.307692307692307,15.0,,,,Manutech,19,0.8947368421052632,31,0.25806451612903225,50,0.5,25,-12.0,,,Median Score,124.5,110,235,18.5
2025-04-02,Elysium,Tharsis,Phobolog,117,80,197,37,37,SB,14,1,-2,0.42857142857142855,1427,1436,-9,17.785714285714285,16.5,,,,Mining Guild,2,0,10,0,12,0,0,-8.0,,,,,,,
2025-04-02,Tharsis,Morning Star,Arcadian,109,112,221,-3,3,AV,15,0,-3,0.4,1536,1548,-12,16.8,15.0,,,,Morning Star,23,0.7391304347826086,6,0.5,29,0.6896551724137931,20,17.0,,,,SB,AV,,
2025-04-05,Hellas,Tharsis,Cheung,102,103,205,-1,1,AV,16,0,-4,0.375,1638,1651,-13,15.8125,15.0,,,,Pharmacy Union,11,0.6363636363636364,0,,11,0.6363636363636364,7,11.0,,,Win Margin Avg.,27.084558823529413,14.37037037037037,,
2025-04-05,Tharsis,Credicor,Manutech,74,121,195,-47,47,AV,17,0,-5,0.35294117647058826,1712,1772,-60,17.647058823529413,15.0,,,,Phobolog,4,0.5,8,0,12,0.16666666666666666,2,-4.0,,,Avg Win Score,136.50367647058823,125.71296296296296,,
2025-04-06,Elysium,Recyclon,Credicor,136,111,247,25,25,SB,18,1,-4,0.3888888888888889,1848,1883,-35,18.055555555555557,16.5,,,,Point Luna,9,0.5555555555555556,17,0.17647058823529413,26,0.3076923076923077,8,-8.0,,,Avg Lose Score,111.3425925925926,109.41911764705883,,
2025-04-06,Tharsis,Tharsis,Cheung,121,104,225,17,17,SB,19,1,-3,0.42105263157894735,1969,1987,-18,18.0,17.0,,,,Recyclon,19,0.6842105263157895,14,0.5,33,0.6060606060606061,20,5.0,,,,,,,
2025-04-10,Hellas,Phobolog,Tharsis,109,120,229,-11,11,AV,20,0,-4,0.4,2078,2107,-29,17.65,16.0,,,,Robinson,10,0.7,18,0.1111111111111111,28,0.32142857142857145,9,-8.0,,,,,,,
2025-04-12,Elysium,Tharsis,Morning Star,92,102,194,-10,10,AV,21,0,-5,0.38095238095238093,2170,2209,-39,17.285714285714285,15.0,,,,Saturn,13,0.6153846153846154,28,0.5,41,0.5365853658536586,22,-15.0,,,Games/Day,1.2541254125412542,,,
2025-04-12,Tharsis,Tharsis,Cheung,114,112,226,2,2,SB,22,1,-4,0.4090909090909091,2284,2321,-37,16.59090909090909,15.0,,,,Splice,0,,1,0,1,0,0,-1.0,,,,,,,
2025-04-14,Tharsis,Saturn,Tharsis,80,96,176,-16,16,AV,23,0,-5,0.391304347826087,2364,2417,-53,16.565217391304348,15.0,,,,Terractor,16,0.75,11,0.09090909090909091,27,0.48148148148148145,13,5.0,,,,,,,
2025-04-15,Elysium,Robinson,Ecoline,87,105,192,-18,18,AV,24,0,-6,0.375,2451,2522,-71,16.625,15.5,,,,Tharsis,27,0.6296296296296297,34,0.4411764705882353,61,0.5245901639344263,32,-7.0,,,,,,,
2025-04-15,Tharsis,Recyclon,Tharsis,90,114,204,-24,24,AV,25,0,-7,0.36,2541,2636,-95,16.92,16.0,,,,Thorgate,2,0.5,6,0.16666666666666666,8,0.25,2,-4.0,,,,,,,
2025-04-17,Elysium,Valley,Credicor,95,94,189,1,1,SB,26,1,-6,0.38461538461538464,2636,2730,-94,16.307692307692307,15.5,,,,United,4,0.75,11,0.2727272727272727,15,0.4,6,-7.0,,,,,,,
2025-04-17,Tharsis,Credicor,Cinematics,86,91,177,-5,5,AV,27,0,-7,0.37037037037037035,2722,2821,-99,15.88888888888889,15.0,SB lost due to a bug,,,Valley,21,0.9047619047619048,16,0.25,37,0.6216216216216216,23,5.0,,,,,,,
2025-04-18,Hellas,Credicor,Saturn,127,148,275,-21,21,AV,28,0,-8,0.35714285714285715,2849,2969,-120,16.071428571428573,15.5,,,,Viron,20,0.65,13,0.15384615384615385,33,0.45454545454545453,15,7.0,,,,,,,
2025-04-18,Tharsis,Credicor,Tharsis,78,89,167,-11,11,AV,29,0,-9,0.3448275862068966,2927,3058,-131,15.89655172413793,15.0,,,,Vitor,24,0.7916666666666666,1,0,25,0.76,19,23.0,,,,,,,
2025-04-19,Hellas,Viron,Saturn,102,91,193,11,11,SB,30,1,-8,0.36666666666666664,3029,3149,-120,15.733333333333333,15.0,,,,,,,,,,,,,,,,,,,
2025-04-19,Tharsis,Thorgate,Arcadian,74,80,154,-6,6,AV,31,0,-9,0.3548387096774194,3103,3229,-126,15.419354838709678,15.0,,,,,,,,,,,,,,,,,,,
2025-04-20,Hellas,Arcadian,Tharsis,79,74,153,5,5,SB,32,1,-8,0.375,3182,3303,-121,15.09375,13.0,,,,sumcheck,380,,380,,,,380,,,,,,,,
2025-04-20,Elysium,Manutech,Cheung,134,87,221,47,47,SB,33,1,-7,0.3939393939393939,3316,3390,-74,16.060606060606062,15.0,,,,,,,,,,,,,,,,,,,
2025-04-20,Tharsis,Saturn,Terractor,118,100,218,18,18,SB,34,1,-6,0.4117647058823529,3434,3490,-56,16.11764705882353,15.0,,,,,,,,,,,,,,,,,,,
2025-04-21,Elysium,Morning Star,Helion,90,84,174,6,6,SB,35,1,-5,0.42857142857142855,3524,3574,-50,15.82857142857143,15.0,,,,,,,,,,,,,,,,,,,
2025-04-21,Tharsis,Tharsis,Credicor,132,136,268,-4,4,AV,36,0,-6,0.4166666666666667,3656,3710,-54,15.5,13.0,,,,,,,,,,,,,,,,,,,
2025-04-24,Hellas,Cheung,Recyclon,106,111,217,-5,5,AV,37,0,-7,0.40540540540540543,3762,3821,-59,15.216216216216216,11.0,,,,,,,,,,,,,,,,,,,
2025-04-24,Tharsis,Aphrodite,Point Luna,116,91,207,25,25,SB,38,1,-6,0.42105263157894735,3878,3912,-34,15.473684210526315,13.0,,,,,,,,,,,,,,,,,,,
2025-04-25,Tharsis,Arcadian,Ecoline,93,95,188,-2,2,AV,39,0,-7,0.41025641025641024,3971,4007,-36,15.128205128205128,11.0,,,,,,,,,,,,,,,,,,,
2025-04-29,Elysium,Celestic,Terractor,96,72,168,24,24,SB,40,1,-6,0.425,4067,4079,-12,15.35,13.0,,,,,,,,,,,,,,,,,,,
2025-04-29,Tharsis,Vitor,Astrodrill,113,93,206,20,20,SB,41,1,-5,0.43902439024390244,4180,4172,8,15.463414634146341,15.0,,,,,,,,,,,,,,,,,,,
2025-04-30,Hellas,Ecoline,Valley,123,145,268,-22,22,AV,42,0,-6,0.42857142857142855,4303,4317,-14,15.619047619047619,15.0,,,,,,,,,,,,,,,,,,,
2025-04-30,Tharsis,Terractor,Saturn,78,74,152,4,4,SB,43,1,-5,0.4418604651162791,4381,4391,-10,15.348837209302326,15.0,,,,,,,,,,,,,,,,,,,
2025-05-01,Elysium,Vitor,Mining Guild,131,92,223,39,39,SB,44,1,-4,0.45454545454545453,4512,4483,29,15.886363636363637,15.0,,,,,,,,,,,,,,,,,,,
2025-05-02,Tharsis,Cheung,Terractor,94,82,176,12,12,SB,45,1,-3,0.4666666666666667,4606,4565,41,15.8,15.0,,,,,,,,,,,,,,,,,,,
2025-05-02,Hellas,Celestic,Phobolog,124,119,243,5,5,SB,46,1,-2,0.4782608695652174,4730,4684,46,15.565217391304348,13.5,,,,,,,,,,,,,,,,,,,
2025-05-03,Hellas,Cheung,Terractor,140,119,259,21,21,SB,47,1,-1,0.48936170212765956,4870,4803,67,15.680851063829786,15.0,,,,,,,,,,,,,,,,,,,
2025-05-03,Tharsis,Cheung,Point Luna,118,88,206,30,30,SB,48,1,0,0.5,4988,4891,97,15.979166666666666,15.0,,,,,,,,,,,,,,,,,,,
2025-05-04,Elysium,Saturn,Helion,98,99,197,-1,1,AV,49,0,-1,0.4897959183673469,5086,4990,96,15.673469387755102,15.0,,,,,,,,,,,,,,,,,,,
2025-05-04,Tharsis,Inventrix,Terractor,81,101,182,-20,20,AV,50,0,-2,0.48,5167,5091,76,15.76,15.0,,,,,,,,,,,,,,,,,,,
2025-05-05,Elysium,Astrodrill,Mining Guild,102,61,163,41,41,SB,51,1,-1,0.49019607843137253,5269,5152,117,16.254901960784313,15.0,,,,,,,,,,,,,,,,,,,
2025-05-05,Tharsis,Saturn,Ecoline,144,110,254,34,34,SB,52,1,0,0.5,5413,5262,151,16.596153846153847,15.5,,,,,,,,,,,,,,,,,,,
2025-05-06,Elysium,Credicor,Recyclon,116,82,198,34,34,SB,53,1,1,0.5094339622641509,5529,5344,185,16.92452830188679,16.0,,,,,,,,,,,,,,,,,,,
2025-05-06,Tharsis,Phobolog,Mining Guild,98,97,195,1,1,SB,54,1,2,0.5185185185185185,5627,5441,186,16.62962962962963,15.5,,,,,,,,,,,,,,,,,,,
2025-05-09,Tharsis,Arcadian,Credicor,88,90,178,-2,2,AV,55,0,1,0.509090909090909,5715,5531,184,16.363636363636363,15.0,,,,,,,,,,,,,,,,,,,
2025-05-10,Elysium,Mining Guild,Ecoline,103,111,214,-8,8,AV,56,0,0,0.5,5818,5642,176,16.214285714285715,15.0,,,,,,,,,,,,,,,,,,,
2025-05-10,Hellas,Cheung,Viron,100,105,205,-5,5,AV,57,0,-1,0.49122807017543857,5918,5747,171,16.017543859649123,15.0,,,,,,,,,,,,,,,,,,,
2025-05-13,Hellas,Aphrodite,Recyclon,78,75,153,3,3,SB,58,1,0,0.5,5996,5822,174,15.793103448275861,13.5,,,,,,,,,,,,,,,,,,,
2025-05-13,Tharsis,Point Luna,Cheung,110,113,223,-3,3,AV,59,0,-1,0.4915254237288136,6106,5935,171,15.576271186440678,12.0,,,,,,,,,,,,,,,,,,,
2025-05-15,Tharsis,Inventrix,Robinson,87,75,162,12,12,SB,60,1,0,0.5,6193,6010,183,15.516666666666667,12.0,,,,,,,,,,,,,,,,,,,
2025-05-15,Elysium,Terractor,Mining Guild,108,97,205,11,11,SB,61,1,1,0.5081967213114754,6301,6107,194,15.442622950819672,12.0,,,,,,,,,,,,,,,,,,,
2025-05-15,Hellas,Celestic,Cheung,110,90,200,20,20,SB,62,1,2,0.5161290322580645,6411,6197,214,15.516129032258064,12.0,,,,,,,,,,,,,,,,,,,
2025-05-16,Elysium,Morning Star,United,93,110,203,-17,17,AV,63,0,1,0.5079365079365079,6504,6307,197,15.53968253968254,12.0,,,,,,,,,,,,,,,,,,,
2025-05-17,Hellas,Point Luna,Ecoline,140,144,284,-4,4,AV,64,0,0,0.5,6644,6451,193,15.359375,12.0,,,,,,,,,,,,,,,,,,,
2025-05-17,Elysium,Arcadian,Helion,113,110,223,3,3,SB,65,1,1,0.5076923076923077,6757,6561,196,15.169230769230769,12.0,,,,,,,,,,,,,,,,,,,
2025-05-19,Hellas,Vitor,Saturn,123,130,253,-7,7,AV,66,0,0,0.5,6880,6691,189,15.045454545454545,11.5,,,,,,,,,,,,,,,,,,,
2025-05-19,Tharsis,Morning Star,Thorgate,95,85,180,10,10,SB,67,1,1,0.5074626865671642,6975,6776,199,14.970149253731343,11.0,,,,,,,,,,,,,,,,,,,
2025-05-20,Elysium,Tharsis,Arcadian,123,99,222,24,24,SB,68,1,2,0.5147058823529411,7098,6875,223,15.102941176470589,11.5,,,,,,,,,,,,,,,,,,,
2025-05-20,Hellas,Saturn,Ecoline,168,139,307,29,29,SB,69,1,3,0.5217391304347826,7266,7014,252,15.304347826086957,12.0,,,,,,,,,,,,,,,,,,,
2025-05-21,Hellas,Inventrix,Tharsis,114,107,221,7,7,SB,70,1,4,0.5285714285714286,7380,7121,259,15.185714285714285,11.5,,,,,,,,,,,,,,,,,,,
2025-05-21,Tharsis,Aphrodite,Tharsis,115,97,212,18,18,SB,71,1,5,0.5352112676056338,7495,7218,277,15.225352112676056,12.0,,,,,,,,,,,,,,,,,,,
2025-05-25,Elysium,Morning Star,Valley,91,113,204,-22,22,AV,72,0,4,0.5277777777777778,7586,7331,255,15.319444444444445,12.0,,,,,,,,,,,,,,,,,,,
2025-05-25,Tharsis,Valley,Ecoline,99,102,201,-3,3,AV,73,0,3,0.5205479452054794,7685,7433,252,15.150684931506849,12.0,,,,,,,,,,,,,,,,,,,
2025-05-26,Hellas,Vitor,Saturn,133,100,233,33,33,SB,74,1,4,0.527027027027027,7818,7533,285,15.391891891891891,12.0,,,,,,,,,,,,,,,,,,,
2025-05-26,Tharsis,Thorgate,Mining Guild,105,87,192,18,18,SB,75,1,5,0.5333333333333333,7923,7620,303,15.426666666666666,12.0,,,,,,,,,,,,,,,,,,,
2025-05-27,Hellas,Valley,Tharsis,100,99,199,1,1,SB,76,1,6,0.5394736842105263,8023,7719,304,15.236842105263158,12.0,,,,,,,,,,,,,,,,,,,
2025-05-27,Elysium,Viron,Helion,121,104,225,17,17,SB,77,1,7,0.5454545454545454,8144,7823,321,15.25974025974026,12.0,,,,,,,,,,,,,,,,,,,
2025-05-28,Elysium,Cheung,Viron,94,76,170,18,18,SB,78,1,8,0.5512820512820513,8238,7899,339,15.294871794871796,13.5,,,,,,,,,,,,,,,,,,,
2025-05-29,Hellas,Vitor,Robinson,134,105,239,29,29,SB,79,1,9,0.5569620253164557,8372,8004,368,15.468354430379748,15.0,,,,,,,,,,,,,,,,,,,
2025-05-29,Elysium,Celestic,Aphrodite,101,105,206,-4,4,AV,80,0,8,0.55,8473,8109,364,15.325,13.5,,,,,,,,,,,,,,,,,,,
2025-05-29,Tharsis,United,Robinson,102,86,188,16,16,SB,81,1,9,0.5555555555555556,8575,8195,380,15.333333333333334,15.0,,,,,,,,,,,,,,,,,,,
2025-05-30,Hellas,Aphrodite,Credicor,77,76,153,1,1,SB,82,1,10,0.5609756097560976,8652,8271,381,15.158536585365853,13.5,,,,,,,,,,,,,,,,,,,
2025-05-30,Tharsis,Manutech,Celestic,175,125,300,50,50,SB,83,1,11,0.5662650602409639,8827,8396,431,15.578313253012048,15.0,,,,,,,,,,,,,,,,,,,
2025-05-31,Elysium,Manutech,Arcadian,94,94,188,0,0,SB,84,1,12,0.5714285714285714,8921,8490,431,15.392857142857142,13.5,Win on ME tie break,,,,,,,,,,,,,,,,,,
2025-05-31,Hellas,Cheung,Phobolog,124,96,220,28,28,SB,85,1,13,0.5764705882352941,9045,8586,459,15.541176470588235,15.0,,,,,,,,,,,,,,,,,,,
2025-05-31,Tharsis,Helion,Arcadian,137,140,277,-3,3,AV,86,0,12,0.5697674418604651,9182,8726,456,15.395348837209303,13.5,,,,,,,,,,,,,,,,,,,
2025-06-01,Hellas,Morning Star,Splice,143,133,276,10,10,SB,87,1,13,0.5747126436781609,9325,8859,466,15.333333333333334,12.0,,,,,,,,,,,,,,,,,,,
2025-06-01,Tharsis,Terractor,United,140,108,248,32,32,SB,88,1,14,0.5795454545454546,9465,8967,498,15.522727272727273,13.5,,,,,,,,,,,,,,,,,,,
2025-06-04,Elysium,Manutech,Cheung,114,109,223,5,5,SB,89,1,15,0.5842696629213483,9579,9076,503,15.404494382022472,12.0,,,,,,,,,,,,,,,,,,,
2025-06-04,Tharsis,Celestic,United,126,101,227,25,25,SB,90,1,16,0.5888888888888889,9705,9177,528,15.511111111111111,13.5,,,,,,,,,,,,,,,,,,,
2025-06-05,Elysium,Manutech,Tharsis,87,94,181,-7,7,AV,91,0,15,0.5824175824175825,9792,9271,521,15.417582417582418,12.0,,,,,,,,,,,,,,,,,,,
2025-06-05,Tharsis,Morning Star,Saturn,113,105,218,8,8,SB,92,1,16,0.5869565217391305,9905,9376,529,15.33695652173913,12.0,,,,,,,,,,,,,,,,,,,
2025-06-06,Hellas,Astrodrill,Tharsis,134,130,264,4,4,SB,93,1,17,0.5913978494623656,10039,9506,533,15.21505376344086,12.0,,,,,,,,,,,,,,,,,,,
2025-06-07,Elysium,Tharsis,Cheung,160,122,282,38,38,SB,94,1,18,0.5957446808510638,10199,9628,571,15.457446808510639,12.0,,,,,,,,,,,,,,,,,,,
2025-06-08,Hellas,Terractor,Viron,144,95,239,49,49,SB,95,1,19,0.6,10343,9723,620,15.810526315789474,12.0,,,,,,,,,,,,,,,,,,,
2025-06-08,Tharsis,Recyclon,Credicor,130,163,293,-33,33,AV,96,0,18,0.59375,10473,9886,587,15.989583333333334,13.5,,,,,,,,,,,,,,,,,,,
2025-06-08,Elysium,Morning Star,Point Luna,135,113,248,22,22,SB,97,1,19,0.5979381443298969,10608,9999,609,16.051546391752577,15.0,,,,,,,,,,,,,,,,,,,
2025-06-09,Hellas,Astrodrill,Manutech,121,118,239,3,3,SB,98,1,20,0.6020408163265306,10729,10117,612,15.918367346938776,13.5,,,,,,,,,,,,,,,,,,,
2025-06-10,Elysium,Valley,Arcadian,109,99,208,10,10,SB,99,1,21,0.6060606060606061,10838,10216,622,15.858585858585858,12.0,,,,,,,,,,,,,,,,,,,
2025-06-10,Tharsis,Tharsis,Phobolog,97,82,179,15,15,SB,100,1,22,0.61,10935,10298,637,15.85,13.5,,,,,,,,,,,,,,,,,,,
2025-06-11,Hellas,Recyclon,Cheung,96,88,184,8,8,SB,101,1,23,0.6138613861386139,11031,10386,645,15.772277227722773,12.0,,,,,,,,,,,,,,,,,,,
2025-06-11,Tharsis,Valley,Aphrodite,118,118,236,0,0,SB,102,1,24,0.6176470588235294,11149,10504,645,15.617647058823529,12.0,Win on ME tie break,,,,,,,,,,,,,,,,,,
2025-06-12,Elysium,Pharmacy Union,Credicor,121,127,248,-6,6,AV,103,0,23,0.6116504854368932,11270,10631,639,15.524271844660195,12.0,,,,,,,,,,,,,,,,,,,
2025-06-12,Tharsis,Vitor,Cinematics,110,110,220,0,0,AV,104,0,22,0.6057692307692307,11380,10741,639,15.375,11.5,Loss on ME tie break,,,,,,,,,,,,,,,,,,
2025-06-13,Elysium,Morning Star,Thorgate,133,104,237,29,29,SB,105,1,23,0.6095238095238096,11513,10845,668,15.504761904761905,12.0,,,,,,,,,,,,,,,,,,,
2025-06-14,Hellas,Terractor,Morning Star,131,106,237,25,25,SB,106,1,24,0.6132075471698113,11644,10951,693,15.59433962264151,12.0,,,,,,,,,,,,,,,,,,,
2025-06-14,Elysium,Robinson,Credicor,114,122,236,-8,8,AV,107,0,23,0.6074766355140186,11758,11073,685,15.523364485981308,12.0,,,,,,,,,,,,,,,,,,,
2025-06-16,Hellas,Credicor,Aphrodite,139,113,252,26,26,SB,108,1,24,0.6111111111111112,11897,11186,711,15.62037037037037,12.0,,,,,,,,,,,,,,,,,,,
2025-06-18,Elysium,Vitor,Ecoline,114,108,222,6,6,SB,109,1,25,0.6146788990825688,12011,11294,717,15.53211009174312,12.0,,,,,,,,,,,,,,,,,,,
2025-06-20,Hellas,Recyclon,Arcadian,98,121,219,-23,23,AV,110,0,24,0.6090909090909091,12109,11415,694,15.6,12.0,,,,,,,,,,,,,,,,,,,
2025-06-20,Elysium,Viron,Tharsis,103,99,202,4,4,SB,111,1,25,0.6126126126126126,12212,11514,698,15.495495495495495,12.0,,,,,,,,,,,,,,,,,,,
2025-06-21,Hellas,Inventrix,Morning Star,105,116,221,-11,11,AV,112,0,24,0.6071428571428571,12317,11630,687,15.455357142857142,11.5,,,,,,,,,,,,,,,,,,,
2025-06-21,Tharsis,Credicor,Helion,155,138,293,17,17,SB,113,1,25,0.6106194690265486,12472,11768,704,15.469026548672566,12.0,,,,,,,,,,,,,,,,,,,
2025-06-22,Elysium,Aphrodite,Manutech,104,108,212,-4,4,AV,114,0,24,0.6052631578947368,12576,11876,700,15.368421052631579,11.5,,,,,,,,,,,,,,,,,,,
2025-06-22,Hellas,Aphrodite,Thorgate,116,107,223,9,9,SB,115,1,25,0.6086956521739131,12692,11983,709,15.31304347826087,11.0,,,,,,,,,,,,,,,,,,,
2025-06-23,Tharsis,Arcadian,Point Luna,95,87,182,8,8,SB,116,1,26,0.6120689655172413,12787,12070,717,15.25,11.0,,,,,,,,,,,,,,,,,,,
2025-06-24,Hellas,Manutech,Viron,127,91,218,36,36,SB,117,1,27,0.6153846153846154,12914,12161,753,15.427350427350428,11.0,,,,,,,,,,,,,,,,,,,
2025-06-24,Elysium,Celestic,Arcadian,137,94,231,43,43,SB,118,1,28,0.6186440677966102,13051,12255,796,15.661016949152541,11.5,,,,,,,,,,,,,,,,,,,
2025-06-25,Elysium,Inventrix,Ecoline,139,127,266,12,12,SB,119,1,29,0.6218487394957983,13190,12382,808,15.630252100840336,12.0,,,,,,,,,,,,,,,,,,,
2025-06-26,Hellas,Manutech,Mining Guild,129,67,196,62,62,SB,120,1,30,0.625,13319,12449,870,16.016666666666666,12.0,,,,,,,,,,,,,,,,,,,
2025-06-26,Tharsis,Vitor,Manutech,114,105,219,9,9,SB,121,1,31,0.628099173553719,13433,12554,879,15.958677685950413,12.0,,,,,,,,,,,,,,,,,,,
2025-06-26,Elysium,Helion,Ecoline,111,77,188,34,34,SB,122,1,32,0.6311475409836066,13544,12631,913,16.10655737704918,12.0,,,,,,,,,,,,,,,,,,,
2025-06-27,Hellas,Valley,Arcadian,123,109,232,14,14,SB,123,1,33,0.6341463414634146,13667,12740,927,16.089430894308943,12.0,,,,,,,,,,,,,,,,,,,
2025-06-27,Elysium,Valley,Robinson,130,111,241,19,19,SB,124,1,34,0.6370967741935484,13797,12851,946,16.112903225806452,12.0,,,,,,,,,,,,,,,,,,,
2025-06-28,Hellas,Credicor,Aphrodite,121,127,248,-6,6,AV,125,0,33,0.632,13918,12978,940,16.032,12.0,,,,,,,,,,,,,,,,,,,
2025-06-29,Tharsis,Cheung,Ecoline,111,114,225,-3,3,AV,126,0,32,0.626984126984127,14029,13092,937,15.928571428571429,12.0,,,,,,,,,,,,,,,,,,,
2025-06-30,Elysium,Viron,Phobolog,106,90,196,16,16,SB,127,1,33,0.6299212598425197,14135,13182,953,15.929133858267717,12.0,,,,,,,,,,,,,,,,,,,
2025-06-30,Hellas,Saturn,Tharsis,107,112,219,-5,5,AV,128,0,32,0.625,14242,13294,948,15.84375,12.0,,,,,,,,,,,,,,,,,,,
2025-06-30,Tharsis,Ecoline,Valley,155,176,331,-21,21,AV,129,0,31,0.6201550387596899,14397,13470,927,15.883720930232558,12.0,,,,,,,,,,,,,,,,,,,
2025-07-01,Elysium,Viron,Celestic,161,162,323,-1,1,AV,130,0,30,0.6153846153846154,14558,13632,926,15.76923076923077,12.0,,,,,,,,,,,,,,,,,,,
2025-07-02,Hellas,Valley,Saturn,108,89,197,19,19,SB,131,1,31,0.6183206106870229,14666,13721,945,15.793893129770993,12.0,,,,,,,,,,,,,,,,,,,
2025-07-03,Hellas,Helion,Saturn,101,110,211,-9,9,AV,132,0,30,0.6136363636363636,14767,13831,936,15.742424242424242,12.0,,,,,,,,,,,,,,,,,,,
2025-07-04,Elysium,Aphrodite,Valley,185,104,289,81,81,SB,133,1,31,0.6165413533834586,14952,13935,1017,16.23308270676692,12.0,,,,,,,,,,,,,,,,,,,
2025-07-05,Tharsis,Manutech,Saturn,101,97,198,4,4,SB,134,1,32,0.6194029850746269,15053,14032,1021,16.14179104477612,12.0,,,,,,,,,,,,,,,,,,,
2025-07-05,Elysium,Morning Star,Point Luna,192,155,347,37,37,SB,135,1,33,0.6222222222222222,15245,14187,1058,16.296296296296298,12.0,,,,,,,,,,,,,,,,,,,
2025-07-06,Hellas,Celestic,Manutech,153,119,272,34,34,SB,136,1,34,0.625,15398,14306,1092,16.426470588235293,12.0,,,,,,,,,,,,,,,,,,,
2025-07-07,Tharsis,Ecoline,Cinematics,152,115,267,37,37,SB,137,1,35,0.6277372262773723,15550,14421,1129,16.576642335766422,12.0,,,,,,,,,,,,,,,,,,,
2025-07-08,Elysium,Cheung,United,126,93,219,33,33,SB,138,1,36,0.6304347826086957,15676,14514,1162,16.695652173913043,13.0,,,,,,,,,,,,,,,,,,,
2025-07-09,Hellas,Vitor,Aphrodite,116,94,210,22,22,SB,139,1,37,0.6330935251798561,15792,14608,1184,16.73381294964029,14.0,,,,,,,,,,,,,,,,,,,
2025-07-09,Tharsis,Manutech,Tharsis,147,116,263,31,31,SB,140,1,38,0.6357142857142857,15939,14724,1215,16.835714285714285,14.5,,,,,,,,,,,,,,,,,,,
2025-07-11,Elysium,Morning Star,Helion,144,108,252,36,36,SB,141,1,39,0.6382978723404256,16083,14832,1251,16.97163120567376,15.0,,,,,,,,,,,,,,,,,,,
2025-07-11,Hellas,Inventrix,Helion,129,163,292,-34,34,AV,142,0,38,0.6338028169014085,16212,14995,1217,17.091549295774648,15.0,,,,,,,,,,,,,,,,,,,
2025-07-12,Elysium,Cheung,Valley,126,82,208,44,44,SB,143,1,39,0.6363636363636364,16338,15077,1261,17.27972027972028,15.0,,,,,,,,,,,,,,,,,,,
2025-07-13,Tharsis,Robinson,United,96,76,172,20,20,SB,144,1,40,0.6388888888888888,16434,15153,1281,17.29861111111111,15.0,,,,,,,,,,,,,,,,,,,
2025-07-13,Hellas,Cinematics,Manutech,115,100,215,15,15,SB,145,1,41,0.6413793103448275,16549,15253,1296,17.282758620689656,15.0,,,,,,,,,,,,,,,,,,,
2025-07-13,Elysium,Celestic,Point Luna,144,157,301,-13,13,AV,146,0,40,0.636986301369863,16693,15410,1283,17.253424657534246,15.0,,,,,,,,,,,,,,,,,,,
2025-07-14,Hellas,Celestic,Recyclon,96,99,195,-3,3,AV,147,0,39,0.6326530612244898,16789,15509,1280,17.156462585034014,15.0,,,,,,,,,,,,,,,,,,,
2025-07-15,Elysium,Recyclon,Ecoline,161,110,271,51,51,SB,148,1,40,0.6351351351351351,16950,15619,1331,17.385135135135137,15.0,,,,,,,,,,,,,,,,,,,
2025-07-16,Tharsis,Credicor,Manutech,112,106,218,6,6,SB,149,1,41,0.6375838926174496,17062,15725,1337,17.308724832214764,15.0,,,,,,,,,,,,,,,,,,,
2025-07-17,Hellas,Recyclon,Ecoline,100,103,203,-3,3,AV,150,0,40,0.6333333333333333,17162,15828,1334,17.213333333333335,15.0,,,,,,,,,,,,,,,,,,,
2025-07-18,Hellas,Credicor,Aphrodite,116,98,214,18,18,SB,151,1,41,0.6357615894039735,17278,15926,1352,17.218543046357617,15.0,,,,,,,,,,,,,,,,,,,
2025-07-21,Elysium,Morning Star,Point Luna,111,110,221,1,1,SB,152,1,42,0.6381578947368421,17389,16036,1353,17.111842105263158,15.0,,,,,,,,,,,,,,,,,,,
2025-07-21,Hellas,Manutech,Viron,137,103,240,34,34,SB,153,1,43,0.6405228758169934,17526,16139,1387,17.22222222222222,15.0,,,,,,,,,,,,,,,,,,,
2025-07-21,Tharsis,Credicor,Robinson,78,91,169,-13,13,AV,154,0,42,0.6363636363636364,17604,16230,1374,17.194805194805195,15.0,,,,,,,,,,,,,,,,,,,
2025-07-22,Elysium,Astrodrill,Manutech,102,100,202,2,2,SB,155,1,43,0.6387096774193548,17706,16330,1376,17.096774193548388,15.0,,,,,,,,,,,,,,,,,,,
2025-07-23,Hellas,Vitor,Manutech,119,106,225,13,13,SB,156,1,44,0.6410256410256411,17825,16436,1389,17.07051282051282,14.5,,,,,,,,,,,,,,,,,,,
2025-07-23,Elysium,Viron,Helion,121,106,227,15,15,SB,157,1,45,0.643312101910828,17946,16542,1404,17.05732484076433,15.0,,,,,,,,,,,,,,,,,,,
2025-07-24,Tharsis,Aphrodite,Saturn,103,115,218,-12,12,AV,158,0,44,0.6392405063291139,18049,16657,1392,17.025316455696203,14.5,,,,,,,,,,,,,,,,,,,
2025-07-24,Elysium,Celestic,Morning Star,128,113,241,15,15,SB,159,1,45,0.6415094339622641,18177,16770,1407,17.0125786163522,15.0,,,,,,,,,,,,,,,,,,,
2025-07-25,Hellas,Pharmacy Union,Arcadian,133,119,252,14,14,SB,160,1,46,0.64375,18310,16889,1421,16.99375,14.5,,,,,,,,,,,,,,,,,,,
2025-07-25,Tharsis,Robinson,Recyclon,68,90,158,-22,22,AV,161,0,45,0.639751552795031,18378,16979,1399,17.024844720496894,15.0,,,,,,,,,,,,,,,,,,,
2025-07-26,Elysium,Saturn,Manutech,157,112,269,45,45,SB,162,1,46,0.6419753086419753,18535,17091,1444,17.19753086419753,15.0,,,,,,,,,,,,,,,,,,,
2025-07-26,Hellas,Aphrodite,Morning Star,105,101,206,4,4,SB,163,1,47,0.6441717791411042,18640,17192,1448,17.116564417177916,15.0,,,,,,,,,,,,,,,,,,,
2025-07-26,Tharsis,Valley,Helion,123,99,222,24,24,SB,164,1,48,0.6463414634146342,18763,17291,1472,17.158536585365855,15.0,,,,,,,,,,,,,,,,,,,
2025-07-30,Elysium,Credicor,Point Luna,135,110,245,25,25,SB,165,1,49,0.6484848484848484,18898,17401,1497,17.206060606060607,15.0,,,,,,,,,,,,,,,,,,,
2025-07-30,Hellas,Point Luna,Saturn,109,132,241,-23,23,AV,166,0,48,0.6445783132530121,19007,17533,1474,17.240963855421686,15.0,,,,,,,,,,,,,,,,,,,
2025-07-31,Tharsis,Morning Star,Cheung,106,97,203,9,9,SB,167,1,49,0.6467065868263473,19113,17630,1483,17.191616766467067,15.0,,,,,,,,,,,,,,,,,,,
2025-07-31,Hellas,Cheung,Viron,114,78,192,36,36,SB,168,1,50,0.6488095238095238,19227,17708,1519,17.303571428571427,15.0,,,,,,,,,,,,,,,,,,,
2025-07-31,Elysium,Morning Star,Robinson,136,128,264,8,8,SB,169,1,51,0.650887573964497,19363,17836,1527,17.24852071005917,15.0,,,,,,,,,,,,,,,,,,,
2025-08-01,Tharsis,Astrodrill,Manutech,124,109,233,15,15,SB,170,1,52,0.6529411764705882,19487,17945,1542,17.235294117647058,15.0,,,,,,,,,,,,,,,,,,,
2025-08-01,Hellas,United,Aphrodite,78,77,155,1,1,SB,171,1,53,0.6549707602339181,19565,18022,1543,17.140350877192983,15.0,,,,,,,,,,,,,,,,,,,
2025-08-02,Elysium,Celestic,Ecoline,91,99,190,-8,8,AV,172,0,52,0.6511627906976745,19656,18121,1535,17.087209302325583,15.0,,,,,,,,,,,,,,,,,,,
2025-08-02,Hellas,Aphrodite,Arcadian,131,100,231,31,31,SB,173,1,53,0.653179190751445,19787,18221,1566,17.167630057803468,15.0,,,,,,,,,,,,,,,,,,,
2025-08-02,Tharsis,Phobolog,United,122,141,263,-19,19,AV,174,0,52,0.6494252873563219,19909,18362,1547,17.17816091954023,15.0,,,,,,,,,,,,,,,,,,,
2025-08-03,Elysium,Saturn,Arcadian,126,108,234,18,18,SB,175,1,53,0.6514285714285715,20035,18470,1565,17.18285714285714,15.0,,,,,,,,,,,,,,,,,,,
2025-08-04,Hellas,Astrodrill,Ecoline,154,116,270,38,38,SB,176,1,54,0.6534090909090909,20189,18586,1603,17.301136363636363,15.0,,,,,,,,,,,,,,,,,,,
2025-08-04,Elysium,Vitor,Ecoline,133,97,230,36,36,SB,177,1,55,0.655367231638418,20322,18683,1639,17.406779661016948,15.0,,,,,,,,,,,,,,,,,,,
2025-08-04,Tharsis,Pharmacy Union,Astrodrill,104,112,216,-8,8,AV,178,0,54,0.651685393258427,20426,18795,1631,17.353932584269664,15.0,,,,,,,,,,,,,,,,,,,
2025-08-05,Hellas,Cheung,Manutech,118,100,218,18,18,SB,179,1,55,0.6536312849162011,20544,18895,1649,17.35754189944134,15.0,,,,,,,,,,,,,,,,,,,
2025-08-05,Elysium,Saturn,Terractor,140,100,240,40,40,SB,180,1,56,0.6555555555555556,20684,18995,1689,17.483333333333334,15.0,,,,,,,,,,,,,,,,,,,
2025-08-06,Tharsis,Viron,Point Luna,170,140,310,30,30,SB,181,1,57,0.6574585635359116,20854,19135,1719,17.552486187845304,15.0,,,,,,,,,,,,,,,,,,,
2025-08-07,Hellas,Credicor,Astrodrill,111,99,210,12,12,SB,182,1,58,0.6593406593406593,20965,19234,1731,17.521978021978022,15.0,,,,,,,,,,,,,,,,,,,
2025-08-07,Tharsis,Pharmacy Union,Tharsis,96,106,202,-10,10,AV,183,0,57,0.6557377049180327,21061,19340,1721,17.48087431693989,15.0,,,,,,,,,,,,,,,,,,,
2025-08-08,Elysium,Arcadian,Saturn,117,109,226,8,8,SB,184,1,58,0.657608695652174,21178,19449,1729,17.429347826086957,15.0,,,,,,,,,,,,,,,,,,,
2025-08-10,Hellas,Aphrodite,Credicor,132,77,209,55,55,SB,185,1,59,0.6594594594594595,21310,19526,1784,17.63243243243243,15.0,,,,,,,,,,,,,,,,,,,
2025-08-10,Tharsis,Tharsis,Astrodrill,125,135,260,-10,10,AV,186,0,58,0.6559139784946236,21435,19661,1774,17.591397849462364,15.0,,,,,,,,,,,,,,,,,,,
2025-08-11,Elysium,Celestic,Tharsis,118,158,276,-40,40,AV,187,0,57,0.6524064171122995,21553,19819,1734,17.711229946524064,15.0,,,,,,,,,,,,,,,,,,,
2025-08-11,Tharsis,Cheung,Helion,134,140,274,-6,6,AV,188,0,56,0.648936170212766,21687,19959,1728,17.648936170212767,15.0,,,,,,,,,,,,,,,,,,,
2025-08-12,Hellas,Celestic,Aphrodite,127,100,227,27,27,SB,189,1,57,0.6507936507936508,21814,20059,1755,17.6984126984127,15.0,,,,,,,,,,,,,,,,,,,
2025-08-13,Hellas,Morning Star,Astrodrill,105,159,264,-54,54,AV,190,0,56,0.6473684210526316,21919,20218,1701,17.889473684210525,15.0,,,,,,,,,,,,,,,,,,,
2025-08-13,Tharsis,Valley,Point Luna,120,96,216,24,24,SB,191,1,57,0.6492146596858639,22039,20314,1725,17.921465968586386,15.0,,,,,,,,,,,,,,,,,,,
2025-08-14,Elysium,Recyclon,Saturn,93,79,172,14,14,SB,192,1,58,0.6510416666666666,22132,20393,1739,17.901041666666668,15.0,,,,,,,,,,,,,,,,,,,
2025-08-14,Hellas,Vitor,Helion,172,160,332,12,12,SB,193,1,59,0.6528497409326425,22304,20553,1751,17.870466321243523,15.0,,,,,,,,,,,,,,,,,,,
2025-08-15,Elysium,Arcadian,Cheung,160,130,290,30,30,SB,194,1,60,0.654639175257732,22464,20683,1781,17.932989690721648,15.0,,,,,,,,,,,,,,,,,,,
2025-08-15,Tharsis,Tharsis,Cheung,208,117,325,91,91,SB,195,1,61,0.6564102564102564,22672,20800,1872,18.307692307692307,15.0,see image,,,,,,,,,,,,,,,,,,
2025-08-16,Hellas,Astrodrill,United,156,107,263,49,49,SB,196,1,62,0.6581632653061225,22828,20907,1921,18.464285714285715,15.0,,,,,,,,,,,,,,,,,,,
2025-08-16,Tharsis,Valley,Recyclon,111,86,197,25,25,SB,197,1,63,0.6598984771573604,22939,20993,1946,18.497461928934012,15.0,,,,,,,,,,,,,,,,,,,
2025-08-17,Elysium,Robinson,Mining Guild,135,108,243,27,27,SB,198,1,64,0.6616161616161617,23074,21101,1973,18.54040404040404,15.0,,,,,,,,,,,,,,,,,,,
2025-08-17,Tharsis,Valley,Credicor,92,79,171,13,13,SB,199,1,65,0.6633165829145728,23166,21180,1986,18.512562814070353,15.0,,,,,,,,,,,,,,,,,,,
2025-08-17,Hellas,Viron,Robinson,151,141,292,10,10,SB,200,1,66,0.665,23317,21321,1996,18.47,15.0,,,,,,,,,,,,,,,,,,,
2025-08-18,Hellas,Manutech,Ecoline,114,73,187,41,41,SB,201,1,67,0.6666666666666666,23431,21394,2037,18.582089552238806,15.0,,,,,,,,,,,,,,,,,,,
2025-08-18,Tharsis,Credicor,Ecoline,136,87,223,49,49,SB,202,1,68,0.6683168316831684,23567,21481,2086,18.73267326732673,15.0,,,,,,,,,,,,,,,,,,,
2025-08-19,Hellas,Terractor,Point Luna,152,166,318,-14,14,AV,203,0,67,0.6650246305418719,23719,21647,2072,18.70935960591133,15.0,,,,,,,,,,,,,,,,,,,
2025-08-21,Elysium,Celestic,Arcadian,146,104,250,42,42,SB,204,1,68,0.6666666666666666,23865,21751,2114,18.823529411764707,15.0,,,,,,,,,,,,,,,,,,,
2025-08-21,Tharsis,Astrodrill,Tharsis,106,107,213,-1,1,AV,205,0,67,0.6634146341463415,23971,21858,2113,18.73658536585366,15.0,,,,,,,,,,,,,,,,,,,
2025-08-22,Elysium,Pharmacy Union,Manutech,115,79,194,36,36,SB,206,1,68,0.6650485436893204,24086,21937,2149,18.820388349514563,15.0,,,,,,,,,,,,,,,,,,,
2025-08-22,Hellas,Viron,Thorgate,106,116,222,-10,10,AV,207,0,67,0.6618357487922706,24192,22053,2139,18.77777777777778,15.0,,,,,,,,,,,,,,,,,,,
2025-08-23,Tharsis,Vitor,Credicor,134,123,257,11,11,SB,208,1,68,0.6634615384615384,24326,22176,2150,18.740384615384617,15.0,,,,,,,,,,,,,,,,,,,
2025-08-24,Tharsis,Vitor,Tharsis,113,130,243,-17,17,AV,209,0,67,0.6602870813397129,24439,22306,2133,18.732057416267942,15.0,,,,,,,,,,,,,,,,,,,
2025-08-25,Hellas,Manutech,Helion,157,112,269,45,45,SB,210,1,68,0.6619047619047619,24596,22418,2178,18.857142857142858,15.0,,,,,,,,,,,,,,,,,,,
2025-08-25,Elysium,Viron,Arcadian,148,112,260,36,36,SB,211,1,69,0.6635071090047393,24744,22530,2214,18.938388625592417,15.0,,,,,,,,,,,,,,,,,,,
2025-08-26,Elysium,Cheung,Tharsis,137,157,294,-20,20,AV,212,0,68,0.660377358490566,24881,22687,2194,18.943396226415093,15.5,,,,,,,,,,,,,,,,,,,
2025-08-27,Tharsis,Aphrodite,Arcadian,102,152,254,-50,50,AV,213,0,67,0.6572769953051644,24983,22839,2144,19.089201877934272,16.0,,,,,,,,,,,,,,,,,,,
2025-08-28,Hellas,Valley,Robinson,115,98,213,17,17,SB,214,1,68,0.6588785046728972,25098,22937,2161,19.07943925233645,16.0,,,,,,,,,,,,,,,,,,,
2025-08-28,Elysium,Astrodrill,Ecoline,142,111,253,31,31,SB,215,1,69,0.6604651162790698,25240,23048,2192,19.134883720930233,16.0,,,,,,,,,,,,,,,,,,,
2025-08-28,Tharsis,Tharsis,Aphrodite,116,101,217,15,15,SB,216,1,70,0.6620370370370371,25356,23149,2207,19.11574074074074,16.0,,,,,,,,,,,,,,,,,,,
2025-08-29,Elysium,Arcadian,Cinematics,125,121,246,4,4,SB,217,1,71,0.663594470046083,25481,23270,2211,19.046082949308754,16.0,,,,,,,,,,,,,,,,,,,
2025-08-29,Hellas,Saturn,Recyclon,91,98,189,-7,7,AV,218,0,70,0.6605504587155964,25572,23368,2204,18.990825688073393,15.5,,,,,,,,,,,,,,,,,,,
2025-08-30,Elysium,Astrodrill,Arcadian,107,68,175,39,39,SB,219,1,71,0.6621004566210046,25679,23436,2243,19.08219178082192,16.0,,,,,,,,,,,,,,,,,,,
2025-08-30,Hellas,Morning Star,Recyclon,171,134,305,37,37,SB,220,1,72,0.6636363636363637,25850,23570,2280,19.163636363636364,16.0,,,,,,,,,,,,,,,,,,,
2025-09-01,Elysium,Viron,Manutech,140,165,305,-25,25,AV,221,0,71,0.6606334841628959,25990,23735,2255,19.190045248868778,16.0,,,,,,,,,,,,,,,,,,,
2025-09-01,Hellas,Viron,Arcadian,123,113,236,10,10,SB,222,1,72,0.6621621621621622,26113,23848,2265,19.14864864864865,16.0,,,,,,,,,,,,,,,,,,,
2025-09-01,Tharsis,Morning Star,Manutech,176,139,315,37,37,SB,223,1,73,0.6636771300448431,26289,23987,2302,19.228699551569505,16.0,,,,,,,,,,,,,,,,,,,
2025-09-02,Hellas,Astrodrill,United,140,77,217,63,63,SB,224,1,74,0.6651785714285714,26429,24064,2365,19.424107142857142,16.0,,,,,,,,,,,,,,,,,,,
2025-09-03,Hellas,Recyclon,Saturn,96,101,197,-5,5,AV,225,0,73,0.6622222222222223,26525,24165,2360,19.36,16.0,,,,,,,,,,,,,,,,,,,
2025-09-04,Elysium,Recyclon,Valley,190,99,289,91,91,SB,226,1,74,0.6637168141592921,26715,24264,2451,19.67699115044248,16.0,AV forfeit - finish against AI,,,,,,,,,,,,,,,,,,
2025-09-04,Tharsis,Recyclon,Terractor,91,75,166,16,16,SB,227,1,75,0.6651982378854625,26806,24339,2467,19.66079295154185,16.0,,,,,,,,,,,,,,,,,,,
2025-09-05,Hellas,Astrodrill,Phobolog,195,102,297,93,93,SB,228,1,76,0.6666666666666666,27001,24441,2560,19.982456140350877,16.0,,,,,,,,,,,,,,,,,,,
2025-09-05,Elysium,Arcadian,Tharsis,112,90,202,22,22,SB,229,1,77,0.6681222707423581,27113,24531,2582,19.99126637554585,16.0,,,,,,,,,,,,,,,,,,,
2025-09-06,Hellas,Tharsis,Manutech,113,91,204,22,22,SB,230,1,78,0.6695652173913044,27226,24622,2604,20.0,16.5,,,,,,,,,,,,,,,,,,,
2025-09-07,Elysium,Credicor,Arcadian,127,123,250,4,4,SB,231,1,79,0.670995670995671,27353,24745,2608,19.93073593073593,16.0,,,,,,,,,,,,,,,,,,,
2025-09-07,Tharsis,Tharsis,Credicor,132,148,280,-16,16,AV,232,0,78,0.6681034482758621,27485,24893,2592,19.913793103448278,16.0,,,,,,,,,,,,,,,,,,,
2025-09-08,Hellas,Valley,United,135,117,252,18,18,SB,233,1,79,0.6695278969957081,27620,25010,2610,19.90557939914163,16.0,,,,,,,,,,,,,,,,,,,
2025-09-09,Elysium,Celestic,Cheung,143,96,239,47,47,SB,234,1,80,0.6709401709401709,27763,25106,2657,20.021367521367523,16.5,,,,,,,,,,,,,,,,,,,
2025-09-10,Tharsis,Tharsis,Manutech,120,109,229,11,11,SB,235,1,81,0.6723404255319149,27883,25215,2668,19.982978723404255,16.0,,,,,,,,,,,,,,,,,,,
2025-09-12,Elysium,Terractor,Astrodrill,136,124,260,12,12,SB,236,1,82,0.673728813559322,28019,25339,2680,19.949152542372882,16.0,,,,,,,,,,,,,,,,,,,
2025-09-13,Hellas,Robinson,Aphrodite,171,135,306,36,36,SB,237,1,83,0.6751054852320675,28190,25474,2716,20.0168776371308,16.0,,,,,,,,,,,,,,,,,,,
2025-09-14,Hellas,Recyclon,Terractor,100,92,192,8,8,SB,238,1,84,0.6764705882352942,28290,25566,2724,19.96638655462185,16.0,,,,,,,,,,,,,,,,,,,
2025-09-14,Elysium,Viron,Saturn,210,139,349,71,71,SB,239,1,85,0.6778242677824268,28500,25705,2795,20.179916317991633,16.0,Viron + AI Central,,,,,,,,,,,,,,,,,,
2025-09-17,Hellas,Viron,Inventrix,171,88,259,83,83,SB,240,1,86,0.6791666666666667,28671,25793,2878,20.441666666666666,16.5,Viron + AI Central,,,,,,,,,,,,,,,,,,
2025-09-18,Tharsis,Credicor,Manutech,142,95,237,47,47,SB,241,1,87,0.6804979253112033,28813,25888,2925,20.551867219917014,17.0,,,,,,,,,,,,,,,,,,,
2025-09-19,Elysium,Helion,Arcadian,110,77,187,33,33,SB,242,1,88,0.6818181818181818,28923,25965,2958,20.60330578512397,17.0,,,,,,,,,,,,,,,,,,,
2025-09-19,Hellas,Inventrix,Credicor,178,165,343,13,13,SB,243,1,89,0.6831275720164609,29101,26130,2971,20.57201646090535,17.0,,,,,,,,,,,,,,,,,,,
2025-09-20,Hellas,Terractor,Helion,130,108,238,22,22,SB,244,1,90,0.6844262295081968,29231,26238,2993,20.577868852459016,17.0,,,,,,,,,,,,,,,,,,,
2025-09-21,Tharsis,Saturn,Aphrodite,132,110,242,22,22,SB,245,1,91,0.6857142857142857,29363,26348,3015,20.583673469387755,17.0,,,,,,,,,,,,,,,,,,,
2025-09-23,Elysium,Vitor,Recyclon,187,122,309,65,65,SB,246,1,92,0.6869918699186992,29550,26470,3080,20.764227642276424,17.0,,,,,,,,,,,,,,,,,,,
2025-09-24,Hellas,Celestic,Manutech,171,138,309,33,33,SB,247,1,93,0.6882591093117408,29721,26608,3113,20.813765182186234,17.0,,,,,,,,,,,,,,,,,,,
2025-09-25,Tharsis,Cheung,Tharsis,116,110,226,6,6,SB,248,1,94,0.6895161290322581,29837,26718,3119,20.754032258064516,17.0,,,,,,,,,,,,,,,,,,,
2025-09-26,Elysium,Helion,Robinson,109,104,213,5,5,SB,249,1,95,0.6907630522088354,29946,26822,3124,20.690763052208837,17.0,,,,,,,,,,,,,,,,,,,
2025-09-26,Tharsis,Cheung,Celestic,172,132,304,40,40,SB,250,1,96,0.692,30118,26954,3164,20.768,17.0,,,,,,,,,,,,,,,,,,,
2025-09-30,Elysium,Astrodrill,Tharsis,108,121,229,-13,13,AV,251,0,95,0.6892430278884463,30226,27075,3151,20.737051792828684,17.0,,,,,,,,,,,,,,,,,,,
2025-10-01,Tharsis,Morning Star,Arcadian,147,133,280,14,14,SB,252,1,96,0.6904761904761905,30373,27208,3165,20.71031746031746,17.0,,,,,,,,,,,,,,,,,,,
2025-10-02,Hellas,Robinson,Tharsis,145,121,266,24,24,SB,253,1,97,0.691699604743083,30518,27329,3189,20.723320158102766,17.0,,,,,,,,,,,,,,,,,,,
2025-10-02,Tharsis,Inventrix,Terractor,159,127,286,32,32,SB,254,1,98,0.6929133858267716,30677,27456,3221,20.76771653543307,17.0,,,,,,,,,,,,,,,,,,,
2025-10-07,Elysium,Terractor,Morning Star,109,126,235,-17,17,AV,255,0,97,0.6901960784313725,30786,27582,3204,20.75294117647059,17.0,,,,,,,,,,,,,,,,,,,
2025-10-07,Hellas,Vitor,Robinson,226,142,368,84,84,SB,256,1,98,0.69140625,31012,27724,3288,21.0,17.0,,,,,,,,,,,,,,,,,,,
2025-10-09,Hellas,Valley,Viron,131,92,223,39,39,SB,257,1,99,0.6926070038910506,31143,27816,3327,21.070038910505836,17.0,,,,,,,,,,,,,,,,,,,
2025-10-10,Tharsis,Cheung,Thorgate,154,116,270,38,38,SB,258,1,100,0.6937984496124031,31297,27932,3365,21.135658914728683,17.0,,,,,,,,,,,,,,,,,,,
2025-10-13,Elysium,Arcadian,Ecoline,194,148,342,46,46,SB,259,1,101,0.694980694980695,31491,28080,3411,21.231660231660232,17.0,,,,,,,,,,,,,,,,,,,
2025-10-14,Hellas,Vitor,Cheung,139,133,272,6,6,SB,260,1,102,0.6961538461538461,31630,28213,3417,21.173076923076923,17.0,,,,,,,,,,,,,,,,,,,
2025-10-14,Tharsis,Aphrodite,Tharsis,111,110,221,1,1,SB,261,1,103,0.6973180076628352,31741,28323,3418,21.095785440613028,17.0,,,,,,,,,,,,,,,,,,,
2025-10-16,Elysium,Manutech,Ecoline,156,138,294,18,18,SB,262,1,104,0.6984732824427481,31897,28461,3436,21.083969465648856,17.0,,,,,,,,,,,,,,,,,,,
2025-10-17,Tharsis,Point Luna,Manutech,137,178,315,-41,41,AV,263,0,103,0.6958174904942965,32034,28639,3395,21.159695817490494,17.0,,,,,,,,,,,,,,,,,,,
2025-10-18,Hellas,Vitor,Saturn,123,158,281,-35,35,AV,264,0,102,0.6931818181818182,32157,28797,3360,21.21212121212121,17.0,,,,,,,,,,,,,,,,,,,
2025-10-18,Elysium,Terractor,Point Luna,157,133,290,24,24,SB,265,1,103,0.6943396226415094,32314,28930,3384,21.222641509433963,17.0,,,,,,,,,,,,,,,,,,,
2025-10-19,Elysium,Pharmacy Union,Tharsis,160,148,308,12,12,SB,266,1,104,0.6954887218045113,32474,29078,3396,21.18796992481203,17.0,,,,,,,,,,,,,,,,,,,
2025-10-19,Hellas,Viron,Saturn,142,173,315,-31,31,AV,267,0,103,0.6928838951310862,32616,29251,3365,21.224719101123597,17.0,,,,,,,,,,,,,,,,,,,
2025-10-25,Hellas,Helion,Manutech,114,107,221,7,7,SB,268,1,104,0.6940298507462687,32730,29358,3372,21.171641791044777,17.0,,,,,,,,,,,,,,,,,,,
2025-10-25,Tharsis,Tharsis,Astrodrill,172,189,361,-17,17,AV,269,0,103,0.6914498141263941,32902,29547,3355,21.156133828996282,17.0,,,,,,,,,,,,,,,,,,,
2025-10-26,Hellas,Aphrodite,Helion,122,74,196,48,48,SB,270,1,104,0.6925925925925925,33024,29621,3403,21.255555555555556,17.0,,,,,,,,,,,,,,,,,,,
2025-10-26,Tharsis,Celestic,Valley,205,147,352,58,58,SB,271,1,105,0.6937269372693727,33229,29768,3461,21.391143911439116,17.0,,,,,,,,,,,,,,,,,,,
2025-10-28,Elysium,Vitor,Helion,148,132,280,16,16,SB,272,1,106,0.6948529411764706,33377,29900,3477,21.371323529411764,17.0,,,,,,,,,,,,,,,,,,,
2025-10-29,Elysium,Cheung,Aphrodite,109,117,226,-8,8,AV,273,0,105,0.6923076923076923,33486,30017,3469,21.32234432234432,17.0,,,,,,,,,,,,,,,,,,,
2025-10-30,Hellas,Tharsis,Credicor,153,125,278,28,28,SB,274,1,106,0.6934306569343066,33639,30142,3497,21.346715328467152,17.0,,,,,,,,,,,,,,,,,,,
2025-10-30,Tharsis,Tharsis,Viron,155,118,273,37,37,SB,275,1,107,0.6945454545454546,33794,30260,3534,21.403636363636362,17.0,,,,,,,,,,,,,,,,,,,
2025-11-01,Elysium,Recyclon,Robinson,174,142,316,32,32,SB,276,1,108,0.6956521739130435,33968,30402,3566,21.442028985507246,17.0,,,,,,,,,,,,,,,,,,,
2025-11-01,Tharsis,Ecoline,Valley,113,94,207,19,19,SB,277,1,109,0.6967509025270758,34081,30496,3585,21.43321299638989,17.0,,,,,,,,,,,,,,,,,,,
2025-11-02,Hellas,Point Luna,Tharsis,229,145,374,84,84,SB,278,1,110,0.697841726618705,34310,30641,3669,21.658273381294965,17.5,,,,,,,,,,,,,,,,,,,
2025-11-02,Tharsis,Celestic,Point Luna,155,150,305,5,5,SB,279,1,111,0.6989247311827957,34465,30791,3674,21.59856630824373,17.0,,,,,,,,,,,,,,,,,,,
2025-11-04,Tharsis,Vitor,Ecoline,183,142,325,41,41,SB,280,1,112,0.7,34648,30933,3715,21.667857142857144,17.5,,,,,,,,,,,,,,,,,,,
2025-11-05,Elysium,Arcadian,Mining Guild,146,118,264,28,28,SB,281,1,113,0.701067615658363,34794,31051,3743,21.690391459074732,18.0,,,,,,,,,,,,,,,,,,,
2025-11-06,Hellas,Manutech,Tharsis,192,142,334,50,50,SB,282,1,114,0.7021276595744681,34986,31193,3793,21.79078014184397,18.0,,,,,,,,,,,,,,,,,,,
2025-11-07,Elysium,Celestic,Viron,207,148,355,59,59,SB,283,1,115,0.7031802120141343,35193,31341,3852,21.92226148409894,18.0,,,,,,,,,,,,,,,,,,,
2025-11-07,Tharsis,Ecoline,Point Luna,95,54,149,41,41,SB,284,1,116,0.704225352112676,35288,31395,3893,21.989436619718308,18.0,,,,,,,,,,,,,,,,,,,
2025-11-13,Hellas,Aphrodite,Robinson,157,127,284,30,30,SB,285,1,117,0.7052631578947368,35445,31522,3923,22.017543859649123,18.0,,,,,,,,,,,,,,,,,,,
2025-11-16,Elysium,Pharmacy Union,United,150,172,322,-22,22,AV,286,0,116,0.7027972027972028,35595,31694,3901,22.017482517482517,18.0,,,,,,,,,,,,,,,,,,,
2025-11-19,Tharsis,Tharsis,Valley,137,163,300,-26,26,AV,287,0,115,0.7003484320557491,35732,31857,3875,22.031358885017422,18.0,,,,,,,,,,,,,,,,,,,
2025-11-19,Hellas,Terractor,Valley,177,150,327,27,27,SB,288,1,116,0.7013888888888888,35909,32007,3902,22.04861111111111,18.0,,,,,,,,,,,,,,,,,,,
2025-11-20,Elysium,Aphrodite,Point Luna,194,124,318,70,70,SB,289,1,117,0.7024221453287197,36103,32131,3972,22.214532871972317,18.0,,,,,,,,,,,,,,,,,,,
2025-11-20,Tharsis,Celestic,Ecoline,178,138,316,40,40,SB,290,1,118,0.7034482758620689,36281,32269,4012,22.275862068965516,18.0,,,,,,,,,,,,,,,,,,,
2025-11-26,Elysium,Vitor,Cinematics,157,133,290,24,24,SB,291,1,119,0.7044673539518901,36438,32402,4036,22.281786941580755,18.0,,,,,,,,,,,,,,,,,,,
2025-11-27,Hellas,Cheung,Manutech,99,124,223,-25,25,AV,292,0,118,0.702054794520548,36537,32526,4011,22.291095890410958,18.0,,,,,,,,,,,,,,,,,,,
2025-11-27,Tharsis,Inventrix,Vitor,138,113,251,25,25,SB,293,1,119,0.7030716723549488,36675,32639,4036,22.300341296928327,18.0,,,,,,,,,,,,,,,,,,,
2025-11-30,Elysium,Valley,Ecoline,157,140,297,17,17,SB,294,1,120,0.7040816326530612,36832,32779,4053,22.282312925170068,18.0,,,,,,,,,,,,,,,,,,,
2025-11-30,Hellas,Inventrix,Robinson,148,158,306,-10,10,AV,295,0,119,0.7016949152542373,36980,32937,4043,22.240677966101696,18.0,,,,,,,,,,,,,,,,,,,
2025-12-02,Elysium,Viron,Cheung,142,159,301,-17,17,AV,296,0,118,0.6993243243243243,37122,33096,4026,22.222972972972972,18.0,,,,,,,,,,,,,,,,,,,
2025-12-03,Hellas,Aphrodite,Manutech,130,111,241,19,19,SB,297,1,119,0.7003367003367004,37252,33207,4045,22.21212121212121,18.0,,,,,,,,,,,,,,,,,,,
2025-12-04,Elysium,Celestic,Arcadian,167,139,306,28,28,SB,298,1,120,0.7013422818791947,37419,33346,4073,22.231543624161073,18.0,,,,,,,,,,,,,,,,,,,
2025-12-05,Hellas,Credicor,Helion,149,89,238,60,60,SB,299,1,121,0.7023411371237458,37568,33435,4133,22.357859531772576,18.0,,,,,,,,,,,,,,,,,,,
2025-12-07,Hellas,Aphrodite,Saturn,153,105,258,48,48,SB,300,1,122,0.7033333333333334,37721,33540,4181,22.44333333333333,18.0,,,,,,,,,,,,,,,,,,,
2025-12-07,Elysium,Astrodrill,Helion,109,124,233,-15,15,AV,301,0,121,0.7009966777408638,37830,33664,4166,22.41860465116279,18.0,,,,,,,,,,,,,,,,,,,
2025-12-07,Tharsis,Inventrix,Tharsis,169,152,321,17,17,SB,302,1,122,0.7019867549668874,37999,33816,4183,22.40066225165563,18.0,,,,,,,,,,,,,,,,,,,
2025-12-10,Elysium,Inventrix,Recyclon,131,141,272,-10,10,AV,303,0,121,0.6996699669966997,38130,33957,4173,22.35973597359736,18.0,,,,,,,,,,,,,,,,,,,
2025-12-10,Tharsis,Pharmacy Union,Terractor,190,144,334,46,46,SB,304,1,122,0.7006578947368421,38320,34101,4219,22.4375,18.0,,,,,,,,,,,,,,,,,,,
2025-12-11,Hellas,Manutech,Valley,165,128,293,37,37,SB,305,1,123,0.7016393442622951,38485,34229,4256,22.485245901639345,18.0,,,,,,,,,,,,,,,,,,,
2025-12-11,Tharsis,Terractor,Recyclon,200,152,352,48,48,SB,306,1,124,0.7026143790849673,38685,34381,4304,22.568627450980394,18.0,,,,,,,,,,,,,,,,,,,
2025-12-13,Hellas,Arcadian,Helion,177,145,322,32,32,SB,307,1,125,0.7035830618892508,38862,34526,4336,22.599348534201955,18.0,,,,,,,,,,,,,,,,,,,
2025-12-13,Tharsis,Phobolog,Ecoline,137,108,245,29,29,SB,308,1,126,0.7045454545454546,38999,34634,4365,22.62012987012987,18.0,,,,,,,,,,,,,,,,,,,
2025-12-14,Elysium,Point Luna,Manutech,158,119,277,39,39,SB,309,1,127,0.7055016181229773,39157,34753,4404,22.673139158576053,18.0,,,,,,,,,,,,,,,,,,,
2025-12-14,Tharsis,Cheung,Celestic,140,136,276,4,4,SB,310,1,128,0.7064516129032258,39297,34889,4408,22.612903225806452,18.0,,,,,,,,,,,,,,,,,,,
2025-12-16,Elysium,Tharsis,Point Luna,144,149,293,-5,5,AV,311,0,127,0.7041800643086816,39441,35038,4403,22.556270096463024,18.0,,,,,,,,,,,,,,,,,,,
2025-12-16,Tharsis,Arcadian,United,227,161,388,66,66,SB,312,1,128,0.7051282051282052,39668,35199,4469,22.69551282051282,18.0,,,,,,,,,,,,,,,,,,,
2025-12-17,Hellas,Vitor,Saturn,184,144,328,40,40,SB,313,1,129,0.7060702875399361,39852,35343,4509,22.750798722044728,18.0,,,,,,,,,,,,,,,,,,,
2025-12-18,Elysium,Recyclon,Arcadian,123,109,232,14,14,SB,314,1,130,0.7070063694267515,39975,35452,4523,22.722929936305732,18.0,,,,,,,,,,,,,,,,,,,
2025-12-18,Tharsis,Morning Star,Robinson,253,160,413,93,93,SB,315,1,131,0.707936507936508,40228,35612,4616,22.946031746031746,18.0,,,,,,,,,,,,,,,,,,,
2025-12-18,Hellas,Point Luna,Valley,148,147,295,1,1,SB,316,1,132,0.7088607594936709,40376,35759,4617,22.876582278481013,18.0,,,,,,,,,,,,,,,,,,,
2025-12-19,Elysium,Astrodrill,Ecoline,209,161,370,48,48,SB,317,1,133,0.7097791798107256,40585,35920,4665,22.95583596214511,18.0,,,,,,,,,,,,,,,,,,,
2025-12-20,Tharsis,Valley,Manutech,117,137,254,-20,20,AV,318,0,132,0.7075471698113207,40702,36057,4645,22.946540880503143,18.0,,,,,,,,,,,,,,,,,,,
2025-12-21,Elysium,Celestic,Viron,139,130,269,9,9,SB,319,1,133,0.7084639498432602,40841,36187,4654,22.90282131661442,18.0,,,,,,,,,,,,,,,,,,,
2025-12-21,Tharsis,Helion,Robinson,160,153,313,7,7,SB,320,1,134,0.709375,41001,36340,4661,22.853125,18.0,,,,,,,,,,,,,,,,,,,
2025-12-21,Hellas,Valley,Robinson,133,116,249,17,17,SB,321,1,135,0.7102803738317757,41134,36456,4678,22.834890965732086,18.0,,,,,,,,,,,,,,,,,,,
2025-12-22,Elysium,Valley,Aphrodite,115,112,227,3,3,SB,322,1,136,0.7111801242236024,41249,36568,4681,22.773291925465838,18.0,,,,,,,,,,,,,,,,,,,
2025-12-22,Hellas,Cheung,Cinematics,107,85,192,22,22,SB,323,1,137,0.7120743034055728,41356,36653,4703,22.770897832817337,18.0,,,,,,,,,,,,,,,,,,,
2025-12-22,Tharsis,Morning Star,Saturn,141,124,265,17,17,SB,324,1,138,0.7129629629629629,41497,36777,4720,22.753086419753085,18.0,,,,,,,,,,,,,,,,,,,
2025-12-23,Elysium,Credicor,Helion,131,91,222,40,40,SB,325,1,139,0.7138461538461538,41628,36868,4760,22.806153846153848,18.0,,,,,,,,,,,,,,,,,,,
2025-12-23,Hellas,Manutech,Phobolog,185,167,352,18,18,SB,326,1,140,0.7147239263803681,41813,37035,4778,22.791411042944784,18.0,,,,,,,,,,,,,,,,,,,
2025-12-23,Tharsis,Saturn,Phobolog,151,115,266,36,36,SB,327,1,141,0.7155963302752294,41964,37150,4814,22.831804281345565,18.0,,,,,,,,,,,,,,,,,,,
2025-12-24,Hellas,United,Cheung,91,95,186,-4,4,AV,328,0,140,0.7134146341463414,42055,37245,4810,22.774390243902438,18.0,,,,,,,,,,,,,,,,,,,
2025-12-24,Elysium,Cheung,Tharsis,164,168,332,-4,4,AV,329,0,139,0.7112462006079028,42219,37413,4806,22.717325227963524,18.0,,,,,,,,,,,,,,,,,,,
2025-12-26,Hellas,Terractor,Arcadian,134,124,258,10,10,SB,330,1,140,0.7121212121212122,42353,37537,4816,22.67878787878788,18.0,,,,,,,,,,,,,,,,,,,
2025-12-26,Tharsis,Pharmacy Union,Helion,156,153,309,3,3,SB,331,1,141,0.7129909365558912,42509,37690,4819,22.619335347432024,18.0,,,,,,,,,,,,,,,,,,,
2025-12-26,Elysium,Terractor,Ecoline,91,98,189,-7,7,AV,332,0,140,0.7108433734939759,42600,37788,4812,22.572289156626507,18.0,,,,,,,,,,,,,,,,,,,
2025-12-27,Elysium,Celestic,Ecoline,150,151,301,-1,1,AV,333,0,139,0.7087087087087087,42750,37939,4811,22.50750750750751,18.0,,,,,,,,,,,,,,,,,,,
2025-12-27,Tharsis,Celestic,Tharsis,137,102,239,35,35,SB,334,1,140,0.7095808383233533,42887,38041,4846,22.54491017964072,18.0,,,,,,,,,,,,,,,,,,,
2025-12-27,Tharsis,Valley,Ecoline,150,148,298,2,2,SB,335,1,141,0.7104477611940299,43037,38189,4848,22.48358208955224,18.0,,,,,,,,,,,,,,,,,,,
2025-12-28,Tharsis,Tharsis,Manutech,162,110,272,52,52,SB,336,1,142,0.7113095238095238,43199,38299,4900,22.571428571428573,18.0,,,,,,,,,,,,,,,,,,,
2025-12-29,Elysium,Manutech,Mining Guild,120,82,202,38,38,SB,337,1,143,0.712166172106825,43319,38381,4938,22.617210682492583,18.0,,,,,,,,,,,,,,,,,,,
2025-12-29,Hellas,Manutech,Cheung,104,126,230,-22,22,AV,338,0,142,0.7100591715976331,43423,38507,4916,22.615384615384617,18.0,,,,,,,,,,,,,,,,,,,
2025-12-29,Tharsis,Tharsis,Terractor,171,144,315,27,27,SB,339,1,143,0.7109144542772862,43594,38651,4943,22.628318584070797,18.0,,,,,,,,,,,,,,,,,,,
2025-12-31,Hellas,Vitor,Saturn,119,132,251,-13,13,AV,340,0,142,0.7088235294117647,43713,38783,4930,22.6,18.0,,,,,,,,,,,,,,,,,,,
2026-01-01,Elysium,Robinson,Valley,158,118,276,40,40,SB,341,1,143,0.7096774193548387,43871,38901,4970,22.651026392961878,18.0,,,,,,,,,,,,,,,,,,,
2026-01-01,Hellas,Ecoline,Manutech,98,90,188,8,8,SB,342,1,144,0.7105263157894737,43969,38991,4978,22.608187134502923,18.0,https://terraforming-mars.herokuapp.com/the-end?id=pc3504b9fb6,,,,,,,,,,,,,,,,,,
2026-01-02,Elysium,United,Viron,108,74,182,34,34,SB,343,1,145,0.7113702623906706,44077,39065,5012,22.64139941690962,18.0,,,,,,,,,,,,,,,,,,,
2026-01-02,Hellas,Vitor,Valley,121,96,217,25,25,SB,344,1,146,0.7122093023255814,44198,39161,5037,22.648255813953487,18.0,,,,,,,,,,,,,,,,,,,
2026-01-02,Tharsis,Point Luna,Credicor,158,113,271,45,45,SB,345,1,147,0.7130434782608696,44356,39274,5082,22.713043478260868,18.0,,,,,,,,,,,,,,,,,,,
2026-01-03,Elysium,Tharsis,Point Luna,154,103,257,51,51,SB,346,1,148,0.7138728323699421,44510,39377,5133,22.794797687861273,18.0,,,,,,,,,,,,,,,,,,,
2026-01-04,Hellas,Aphrodite,Robinson,122,117,239,5,5,SB,347,1,149,0.7146974063400576,44632,39494,5138,22.743515850144092,18.0,,,,,,,,,,,,,,,,,,,
2026-01-04,Hellas,Robinson,Aphrodite,165,127,292,38,38,SB,348,1,150,0.7155172413793104,44797,39621,5176,22.78735632183908,18.0,,,,,,,,,,,,,,,,,,,
2026-01-04,Elysium,Aphrodite,Viron,188,125,313,63,63,SB,349,1,151,0.7163323782234957,44985,39746,5239,22.902578796561606,18.0,,,,,,,,,,,,,,,,,,,
2026-01-04,Tharsis,Viron,Aphrodite,249,118,367,131,131,SB,350,1,152,0.7171428571428572,45234,39864,5370,23.21142857142857,18.0,https://terraforming-mars.herokuapp.com/the-end?id=p975ee1b1ef2c,,,,,,,,,,,,,,,,,,
2026-01-05,Elysium,Arcadian,Ecoline,116,122,238,-6,6,AV,351,0,151,0.7150997150997151,45350,39986,5364,23.162393162393162,18.0,,,,,,,,,,,,,,,,,,,
2026-01-05,Tharsis,Credicor,Saturn,127,94,221,33,33,SB,352,1,152,0.7159090909090909,45477,40080,5397,23.19034090909091,18.0,,,,,,,,,,,,,,,,,,,
2026-01-06,Hellas,Valley,Saturn,209,138,347,71,71,SB,353,1,153,0.71671388101983,45686,40218,5468,23.325779036827196,18.0,,,,,,,,,,,,,,,,,,,
2026-01-08,Elysium,Terractor,Manutech,109,106,215,3,3,SB,354,1,154,0.7175141242937854,45795,40324,5471,23.268361581920903,18.0,,,,,,,,,,,,,,,,,,,
2026-01-08,Hellas,Pharmacy Union,Helion,128,107,235,21,21,SB,355,1,155,0.7183098591549296,45923,40431,5492,23.261971830985914,18.0,,,,,,,,,,,,,,,,,,,
2026-01-08,Tharsis,Credicor,Saturn,114,125,239,-11,11,AV,356,0,154,0.7162921348314607,46037,40556,5481,23.22752808988764,18.0,,,,,,,,,,,,,,,,,,,
2026-01-09,Elysium,Point Luna,Valley,172,125,297,47,47,SB,357,1,155,0.7170868347338936,46209,40681,5528,23.294117647058822,18.0,,,,,,,,,,,,,,,,,,,
2026-01-09,Tharsis,Tharsis,Helion,122,117,239,5,5,SB,358,1,156,0.7178770949720671,46331,40798,5533,23.243016759776538,18.0,,,,,,,,,,,,,,,,,,,
2026-01-09,Hellas,Morning Star,Tharsis,179,176,355,3,3,SB,359,1,157,0.7186629526462396,46510,40974,5536,23.186629526462397,18.0,,,,,,,,,,,,,,,,,,,
2026-01-10,Elysium,Aphrodite,Ecoline,143,122,265,21,21,SB,360,1,158,0.7194444444444444,46653,41096,5557,23.180555555555557,18.0,,,,,,,,,,,,,,,,,,,
2026-01-10,Hellas,Celestic,Astrodrill,131,123,254,8,8,SB,361,1,159,0.7202216066481995,46784,41219,5565,23.138504155124654,18.0,,,,,,,,,,,,,,,,,,,
2026-01-11,Tharsis,Tharsis,Viron,110,116,226,-6,6,AV,362,0,158,0.7182320441988951,46894,41335,5559,23.091160220994475,18.0,,,,,,,,,,,,,,,,,,,
2026-01-12,Elysium,Celestic,Recyclon,169,130,299,39,39,SB,363,1,159,0.71900826446281,47063,41465,5598,23.134986225895318,18.0,,,,,,,,,,,,,,,,,,,
2026-01-13,Hellas,Recyclon,Arcadian,127,92,219,35,35,SB,364,1,160,0.7197802197802198,47190,41557,5633,23.167582417582416,18.0,,,,,,,,,,,,,,,,,,,
2026-01-13,Elysium,Terractor,Manutech,129,131,260,-2,2,AV,365,0,159,0.7178082191780822,47319,41688,5631,23.10958904109589,18.0,,,,,,,,,,,,,,,,,,,
2026-01-14,Tharsis,Cinematics,Helion,100,85,185,15,15,SB,366,1,160,0.7185792349726776,47419,41773,5646,23.08743169398907,18.0,,,,,,,,,,,,,,,,,,,
2026-01-14,Elysium,Arcadian,Mining Guild,120,76,196,44,44,SB,367,1,161,0.7193460490463215,47539,41849,5690,23.14441416893733,18.0,,,,,,,,,,,,,,,,,,,
2026-01-15,Hellas,Pharmacy Union,Astrodrill,184,123,307,61,61,SB,368,1,162,0.720108695652174,47723,41972,5751,23.247282608695652,18.0,,,,,,,,,,,,,,,,,,,
2026-01-15,Tharsis,Recyclon,Manutech,105,89,194,16,16,SB,369,1,163,0.7208672086720868,47828,42061,5767,23.227642276422763,18.0,,,,,,,,,,,,,,,,,,,
2026-01-16,Elysium,Robinson,Celestic,134,89,223,45,45,SB,370,1,164,0.7216216216216216,47962,42150,5812,23.286486486486485,18.0,,,,,,,,,,,,,,,,,,,
2026-01-16,Hellas,Aphrodite,Tharsis,99,92,191,7,7,SB,371,1,165,0.7223719676549866,48061,42242,5819,23.242587601078167,18.0,,,,,,,,,,,,,,,,,,,
2026-01-16,Tharsis,Ecoline,Saturn,139,175,314,-36,36,AV,372,0,164,0.7204301075268817,48200,42417,5783,23.276881720430108,18.0,,,,,,,,,,,,,,,,,,,
2026-01-17,Elysium,Astrodrill,Tharsis,137,123,260,14,14,SB,373,1,165,0.7211796246648794,48337,42540,5797,23.25201072386059,18.0,,,,,,,,,,,,,,,,,,,
2026-01-17,Hellas,Arcadian,Recyclon,80,131,211,-51,51,AV,374,0,164,0.7192513368983957,48417,42671,5746,23.32620320855615,18.0,,,,,,,,,,,,,,,,,,,
2026-01-18,Hellas,Morning Star,Tharsis,115,126,241,-11,11,AV,375,0,163,0.7173333333333334,48532,42797,5735,23.293333333333333,18.0,,,,,,,,,,,,,,,,,,,
2026-01-18,Elysium,Helion,Credicor,118,146,264,-28,28,AV,376,0,162,0.7154255319148937,48650,42943,5707,23.305851063829788,18.0,,,,,,,,,,,,,,,,,,,
2026-01-18,Tharsis,Viron,Cinematics,103,127,230,-24,24,AV,377,0,161,0.713527851458886,48753,43070,5683,23.307692307692307,18.0,,,,,,,,,,,,,,,,,,,
2026-01-19,Elysium,Recyclon,Valley,137,91,228,46,46,SB,378,1,162,0.7142857142857143,48890,43161,5729,23.367724867724867,18.0,,,,,,,,,,,,,,,,,,,
2026-01-20,Elysium,Manutech,Celestic,136,92,228,44,44,SB,379,1,163,0.7150395778364116,49026,43253,5773,23.4221635883905,18.0,,,,,,,,,,,,,,,,,,,
2026-01-20,Hellas,Astrodrill,Cinematics,128,86,214,42,42,SB,380,1,164,0.7157894736842105,49154,43339,5815,23.471052631578946,18.5,,,,,,,,,,,,,,,,,,,
